{
    "loss": 2.01419734954834,
    "accuracy": 0.5862069129943848
}