{
    "loss": 6.48538875579834,
    "accuracy": 0.5086206793785095
}